{"minzoom":0,"maxzoom":8,"center":[39.876091,-4.915464,8.0],"bounds":[39.12447,-6.478148,39.876091,-4.864426]}