{"minzoom":0,"maxzoom":9,"center":[39.726563,-5.265909,9.0],"bounds":[39.12447,-6.478148,39.876091,-4.864426]}